EventId,EncodedValue
0025df56,0
0045c3a8,1
004a68ba,2
00980b01,3
00d49120,4
00eeb5ca,5
0133a077,6
014b8856,7
01c4e373,8
0256fb0b,9
0259e53a,10
0328c31b,11
03391cca,12
034bc1b2,13
03783a6e,14
038ab2a6,15
03cafdec,16
03f6cb31,17
0420956f,18
042aa80c,19
044744e5,20
04b78aed,21
04c31d02,22
04efccd9,23
04f5a2ae,24
0509d32d,25
05588c1a,26
058871d3,27
05c905c6,28
05cc5965,29
05d14ace,30
05ee89d6,31
05f7a599,32
06072e40,33
067d8c46,34
06bde7f8,35
06d2e629,36
06eb1b16,37
06f144ba,38
07038970,39
07689958,40
07aa4b1c,41
07b4a031,42
083912c3,43
08702992,44
09eee691,45
0a3c6290,46
0a63ce95,47
0ad3e4ad,48
0add6a8d,49
0af83d09,50
0b5734c3,51
0b9c816c,52
0bebe37f,53
0c76365b,54
0cdb05bb,55
0ce98313,56
0d02c0e2,57
0dc5e3f3,58
0df48bcd,59
0f19419d,60
0f33033d,61
10516409,62
10c954a5,63
1138a35c,64
113a5c4b,65
115dee5a,66
1196a1e7,67
11b69b8b,68
121941c0,69
122ef97f,70
127028d8,71
12bb39c6,72
12e81061,73
130bb340,74
1385101c,75
13a33984,76
13b6821e,77
13b72099,78
1412d4e7,79
147cfcff,80
14e7b033,81
152cfe50,82
1599a60f,83
159ce3ff,84
16282341,85
163d9392,86
16b5975a,87
16da8291,88
1761114c,89
176a1b3b,90
1779a021,91
17811ebc,92
17c045e0,93
183ff96a,94
1840cbfe,95
184c8648,96
18ad7153,97
18ca2760,98
197e3bb9,99
198b9694,100
19bf61bd,101
1a1c0c2f,102
1a3df0d1,103
1ae4a1e2,104
1af4f1f6,105
1afa60e8,106
1b5a0a61,107
1b700d02,108
1bc93721,109
1be4e79b,110
1bff92a7,111
1c6b0b26,112
1c82de2b,113
1cc35878,114
1d99c917,115
1e2c893c,116
1e363788,117
1e5fdb88,118
1e67e550,119
1e85eb57,120
1eab2244,121
1eac84c1,122
1ebe3968,123
1f0f70bf,124
1f282241,125
1f4da8a4,126
1f5adb7d,127
1fda146a,128
2001c118,129
203e5034,130
2055b0e5,131
20a27faf,132
20c6c805,133
21474bd8,134
21870b70,135
219be8de,136
21dbb3a0,137
220716fc,138
22085eff,139
2281afb9,140
228e76e1,141
2355b700,142
239124d5,143
23dabebf,144
23ed7c91,145
243d8ef7,146
24866a12,147
250463db,148
25082a07,149
25255d86,150
259ee9a0,151
25c4db87,152
25d21cdc,153
2635842f,154
265bb62b,155
26c05abc,156
27455a3b,157
280872f8,158
280c02a4,159
2870bf0f,160
28822a4f,161
291fd9ef,162
296318c4,163
2993ebab,164
29a7532e,165
29f9c50e,166
2a09f0c5,167
2a6224ef,168
2aed8bca,169
2b062444,170
2b77e3a6,171
2bfcdc54,172
2c4d7668,173
2c5e0acc,174
2cb01286,175
2d239257,176
2d40a57d,177
2dd1b293,178
2df58fdd,179
2e4cddbf,180
2e5bf41e,181
2e9e34d1,182
2eb8b523,183
2f46fdab,184
2f8f04d8,185
2f97261e,186
2fe70e79,187
30362e04,188
30442b65,189
306161fd,190
309b7a7e,191
30a41633,192
30b3b946,193
3141c8ff,194
316de8a3,195
319fa048,196
31bea08a,197
31d79076,198
322228ab,199
3258eb01,200
32668423,201
32b8ff1b,202
330672aa,203
331e5ce3,204
33699bb4,205
33cf69d6,206
33f20330,207
34cdf99d,208
34cf1829,209
35df2e69,210
362c4aa6,211
368b1120,212
36921b9f,213
36f8151b,214
3708ffb6,215
37192551,216
3777cdd1,217
37d4abb6,218
383c6cb8,219
38869982,220
38ce5534,221
38e36f34,222
39352bbd,223
393f2a2f,224
395bfdea,225
3a11ebe8,226
3a9b1aa6,227
3aa50e45,228
3b11ca0a,229
3b6073c8,230
3b66e9ad,231
3bf1bcdc,232
3c407070,233
3c51a051,234
3d0bb149,235
3d526018,236
3dc57918,237
3e59e921,238
3eb637ea,239
3f7f233d,240
3fba9c93,241
40017bd4,242
4015c6eb,243
40161c21,244
40393eca,245
40645e82,246
40663199,247
40688cb6,248
40b04dda,249
40c35d69,250
40efe14b,251
4149b6da,252
41557973,253
418b8da0,254
41917a59,255
41c5149c,256
42559647,257
43c21335,258
43c91fa2,259
444ae9ec,260
4496b375,261
44d39448,262
4531fae3,263
45646244,264
458f0fea,265
45b657dc,266
464c6ea7,267
46d35382,268
47356958,269
47583a03,270
47c4e0ad,271
47ea5376,272
4820e0d3,273
482916a2,274
4847be01,275
48735878,276
4880ffa8,277
490afbb2,278
4965e9ad,279
4983ff07,280
49a12dfc,281
49a593e5,282
49c3c8c1,283
49d6e1c6,284
49ff7848,285
4a2ea858,286
4a438082,287
4b3e4263,288
4b80a7ee,289
4ba0224e,290
4be3c26a,291
4c48a0b5,292
4c53ede7,293
4c74cb03,294
4c93ff8f,295
4d32b271,296
4d46560d,297
4d9507e0,298
4db5d203,299
4e528fca,300
4e666c51,301
4eaad34d,302
4eb7893a,303
4f0f0d82,304
4fb55a5e,305
50deed5a,306
50f692e1,307
511a9c99,308
51b3e213,309
51d8f5f5,310
51e9c1f4,311
522eddd3,312
526588f4,313
5283cc76,314
528fdcdf,315
532aeaad,316
53321720,317
539b96b6,318
5446f84b,319
5473ee4c,320
5520c5f7,321
5539c823,322
557f3dc3,323
55addd29,324
55fa48ef,325
564a40f7,326
564c7007,327
57138c88,328
5776f85d,329
57ba34dc,330
5827d3bf,331
582df684,332
58a54357,333
58c1bb0b,334
5904ace1,335
590fcce7,336
59395bec,337
5948e02e,338
5995c4af,339
59e319d0,340
59e93563,341
59ecbd3e,342
5a06fa1d,343
5a6de409,344
5a991035,345
5aa0e6cd,346
5b2067fe,347
5b2ed9a4,348
5b67013c,349
5bb076cb,350
5c69729e,351
5c746c05,352
5d90c7dc,353
5d9d18bb,354
5e121a08,355
5e6d6160,356
5eeb7c0e,357
5f7094eb,358
5faacb90,359
5fded050,360
60057700,361
601b24dc,362
602080d8,363
6047b964,364
607181b0,365
607e02d4,366
60bc7748,367
60cad074,368
610db62d,369
61286e4e,370
6130094b,371
615aeaca,372
6174a822,373
61b90618,374
620020e3,375
62008f40,376
6265c739,377
62c33092,378
62d313ca,379
62e78bca,380
62fa967d,381
62fd540d,382
634e9d24,383
63569a98,384
638c7ebd,385
63c56d56,386
63cc380b,387
63f7d377,388
645e3a9c,389
64624f0a,390
646a2086,391
647899b9,392
64bf9be7,393
64c03440,394
64c2e748,395
64dc455d,396
65b49a15,397
65e751c0,398
65f23e3e,399
6641ddab,400
665ebbac,401
66b25439,402
66c627c6,403
670e9048,404
6796e2c2,405
67a6e8bd,406
683abe24,407
684c4e1c,408
6854ff1c,409
693e1c03,410
6989496f,411
69e787e8,412
69faaf31,413
6a009a2e,414
6ace88ab,415
6ad9b51a,416
6b31e08c,417
6b3e743b,418
6b48ccb1,419
6b9e518d,420
6bb8fb41,421
6c6bd9d5,422
6cd9fc02,423
6ce600a9,424
6cff3aff,425
6d21e718,426
6e7bac80,427
6e8cacc0,428
6eac71e0,429
6ede2c6c,430
6f046d5d,431
6f34dc3b,432
7007bb5d,433
700ab0a2,434
70418ded,435
70b598cd,436
7107b532,437
7177c10c,438
71850673,439
71b39498,440
72a42ef8,441
72c9ff71,442
730ddd0b,443
739c29cb,444
746235ca,445
746f6671,446
7503e0fb,447
7524fb99,448
75329391,449
753f9b3b,450
7582ef7b,451
75eb2f83,452
763f5799,453
765c228c,454
767a7cba,455
76af886d,456
76b7594c,457
76c30a22,458
773d922b,459
77401b11,460
77be3a62,461
77e2433e,462
782be13b,463
786e2f4a,464
78beac3d,465
791a32a5,466
798e6e18,467
799c74b2,468
79e75c2a,469
7accfbc4,470
7b370424,471
7b69be8b,472
7b7fb037,473
7c1d2f06,474
7c363edf,475
7c5d066b,476
7c83121a,477
7cc667ee,478
7cca3202,479
7db9f871,480
7de49ab4,481
7e0c721e,482
7e283a6c,483
7e4af760,484
7e73011a,485
7ef2b881,486
7f371263,487
7f4d3afe,488
7f98e46f,489
7fbc8d7c,490
80121b2a,491
808ec762,492
80bac4a3,493
80e1cc85,494
81009d2a,495
810c7f78,496
8111f513,497
812ba8f5,498
815445f4,499
822aceaa,500
82516772,501
8273a9df,502
8281d2c7,503
828a502b,504
829344e3,505
83447d6c,506
8355ed44,507
837f3e65,508
83f87699,509
84765030,510
84c5f3ca,511
856dcf68,512
8597981a,513
85adefac,514
85e9a2a5,515
85eb0743,516
85ed43d7,517
86660de0,518
8683bb52,519
86cbf95e,520
874c6a4c,521
87710483,522
87b4bca2,523
87ec27cc,524
87f33648,525
880414ea,526
88361ca1,527
88733caa,528
88e182dd,529
890d57c7,530
8912229f,531
892a4ed1,532
893a2b45,533
89854e51,534
89c713e5,535
89e4ce87,536
89ed351d,537
8a1ae52c,538
8a7f0f76,539
8aba64af,540
8ac9e924,541
8bd08458,542
8bee262c,543
8c71ac2a,544
8d05f369,545
8d0ed4c2,546
8d21ed85,547
8d23c697,548
8d29ffcd,549
8d36067b,550
8d4ff870,551
8d52d544,552
8dbb3cbd,553
8ddc7b2c,554
8de374c6,555
8df7ac9e,556
8e6fa207,557
8ef42a09,558
8f4acfdd,559
8f5d77aa,560
8fab64d7,561
8fade888,562
8fc47542,563
900cd77c,564
901014c2,565
904e6c17,566
906b7730,567
9222328a,568
9274906f,569
92778ba4,570
928b0f63,571
9292245f,572
92d74c29,573
92d90c08,574
930ed32a,575
93181fe9,576
93540e8a,577
93f21d36,578
9437be73,579
947d046c,580
949115cd,581
94d92d0f,582
952b8ddb,583
962714c9,584
96851284,585
96a99a86,586
96fbee5d,587
971fe6cb,588
973bc10e,589
9743f439,590
978745e5,591
981e45ac,592
983dea6f,593
9849b7a4,594
9851467f,595
9863df41,596
98740745,597
98910868,598
98e5436d,599
992e4030,600
993130d2,601
99339798,602
993ddde4,603
9941d1dc,604
99451efb,605
996c9c62,606
99e0800e,607
9a7ff211,608
9afc4d00,609
9bff5da8,610
9c0ffa0d,611
9c33dd98,612
9c7bd269,613
9ca533f6,614
9cd91271,615
9d4ebf92,616
9d5d6232,617
9d9fff48,618
9dacee4d,619
9db1d065,620
9e0ff38f,621
9e223b98,622
9e57fe43,623
9e70da30,624
9e9164b0,625
9f51e163,626
9f69abb1,627
9f7a4b99,628
9fbdfb66,629
a00909ad,630
a014c314,631
a0815e70,632
a0a0aeee,633
a0e0ea70,634
a109aa14,635
a111fe6f,636
a16614b4,637
a1da6209,638
a1f1fda5,639
a205f79c,640
a2335b6b,641
a26f07f5,642
a302be56,643
a325330f,644
a38f9838,645
a3eb2756,646
a450c390,647
a466848c,648
a4861d5f,649
a4ae7a21,650
a4ce9deb,651
a4ec7e5b,652
a4f9731b,653
a5186e00,654
a5623903,655
a5955e5a,656
a5e8660c,657
a5f84854,658
a6810873,659
a6ecb646,660
a7179c7e,661
a71a51a7,662
a7427537,663
a7aa6a31,664
a7e11323,665
a7e126df,666
a828f891,667
a8a06450,668
a9536a35,669
a967ea70,670
a998f28e,671
a9c449d4,672
aa90fcea,673
aac13e61,674
aad322db,675
aadcd87f,676
ab204ec3,677
ab24ea9f,678
ab4279bb,679
ab853295,680
abb57bda,681
abcf3716,682
abfcd6cd,683
abff2903,684
ac4c9928,685
ac51659d,686
ac7a484b,687
ac8ccecb,688
aca8f388,689
acc970d2,690
acd9b0b8,691
acdf044c,692
ad08f755,693
ad127e5a,694
ad6268f9,695
ad738237,696
ada43d6a,697
ae31970c,698
aebed4cb,699
af477c99,700
af999985,701
aff3703c,702
b01a5737,703
b054e294,704
b15df703,705
b16c2d36,706
b1729791,707
b180f3d6,708
b20a0b84,709
b2212966,710
b24efdd6,711
b265915b,712
b2b1302e,713
b3829978,714
b3d4c1a5,715
b3f2729b,716
b4892893,717
b48b277c,718
b48cf21c,719
b495444b,720
b4ce3273,721
b52fdfa4,722
b579afcf,723
b68dc423,724
b738da61,725
b7b94378,726
b902e0db,727
b90867ec,728
b9250ad9,729
b949acc6,730
b96151ec,731
b9c4b0e1,732
ba1a3e70,733
ba77ab8e,734
ba7c014d,735
baca367d,736
bbb0c55b,737
bbecc066,738
bc68dc47,739
bc6dacd9,740
bcc8c5a8,741
bced5b7e,742
bd4b2536,743
bd58e022,744
bda7c63e,745
be1481ed,746
be4358e7,747
bebf7d69,748
bfa57e9a,749
bfca87d4,750
c0d9234e,751
c1646a49,752
c18d3955,753
c1b97bea,754
c1d14bb4,755
c1d3f794,756
c1e3c204,757
c20080a6,758
c23d8791,759
c28e153e,760
c346eb7a,761
c3808293,762
c3c18d52,763
c3cce8ee,764
c3fdcb6a,765
c446f597,766
c452a9b1,767
c466fe3b,768
c4b9b631,769
c4edb920,770
c52c7925,771
c5d053b4,772
c5eaef34,773
c63ab994,774
c69abe33,775
c70dad25,776
c7247fb6,777
c726d8d4,778
c7a3c04e,779
c858c9ee,780
c9b46dc7,781
ca07157a,782
ca17b436,783
ca64273c,784
ca731736,785
caa1a2c5,786
caa2b4f4,787
cab45ccb,788
cab7c146,789
cabd1955,790
cafa6187,791
cb5b50aa,792
cb829cb2,793
cb905768,794
cbc1168c,795
cbd9daaf,796
cc0d2f4c,797
cc12b228,798
cc2f4956,799
cc8ff6de,800
cca6bf07,801
cce08081,802
cdce47d3,803
cde840ec,804
ce173d18,805
ce5d3c32,806
ce7e3930,807
cf07a659,808
cf145002,809
cf66561e,810
cfadcfcc,811
cfae5cde,812
d0ae831e,813
d128557a,814
d14bdb9e,815
d16a4839,816
d19d1e51,817
d1abb43a,818
d1ee557d,819
d2378411,820
d25767a3,821
d2cd4d31,822
d2d20be2,823
d2d663fb,824
d39f7ed9,825
d3d6de78,826
d447db0e,827
d4900f3c,828
d4aab023,829
d50b3568,830
d59f04cd,831
d5b051a1,832
d5ce6325,833
d5f227c2,834
d5fb1b6d,835
d611c676,836
d684ce5c,837
d6ef8228,838
d7515a49,839
d7529621,840
d790cb1e,841
d79c7d8f,842
d7d59e80,843
d81b36a7,844
d84633c9,845
d85e496f,846
d897da95,847
d8c02079,848
d8d06c48,849
d8f41a22,850
d9f92484,851
da8ab919,852
db4271d9,853
dbbe199c,854
dbe0dbb7,855
dbe4dda4,856
dbeef516,857
dc0b844a,858
dc31272f,859
dc32f7bf,860
dc57c56b,861
dc698d6c,862
dce1d503,863
dda1b034,864
ddde6dbe,865
ddef41d1,866
de0f06fb,867
de110f65,868
de284825,869
de8fd3fe,870
debd5e07,871
dede275d,872
df4dfcf9,873
dfbb9f2c,874
dfc3b473,875
dff488ac,876
e0a21e97,877
e0a8fe27,878
e0c8dba4,879
e0d805d0,880
e0dce32a,881
e1201a8a,882
e14a05d7,883
e169036d,884
e1a7148a,885
e1b85049,886
e35a7215,887
e35b9c29,888
e41670ca,889
e44c272d,890
e47c2821,891
e493254b,892
e4e4cba4,893
e50b0505,894
e5538bdb,895
e5b93bad,896
e60185c5,897
e61c0669,898
e62d9b56,899
e661033d,900
e663de76,901
e6a40f11,902
e7a5a36d,903
e7fa3bfe,904
e8001382,905
e8688755,906
e872bbe9,907
e87321dc,908
e8b75251,909
e8f33439,910
e9b5ad18,911
ea2f4fd1,912
ea3efa0b,913
ea54fb07,914
eab8a828,915
eb299b60,916
eb3b19f3,917
eb8ed186,918
ec6e6a71,919
ec836380,920
ec94fde7,921
ec9ff7fa,922
ecb42b32,923
ed59847a,924
ed782aa7,925
ed8246e3,926
ee2eb469,927
ee832118,928
eede2da3,929
efa87fd5,930
efac3ec2,931
efb60325,932
efc34984,933
efed8efb,934
f03436c8,935
f0bd9bfb,936
f0c35201,937
f0c5d0b0,938
f0cdedcd,939
f151a0a5,940
f1a996a5,941
f1b6f016,942
f1f5c8c5,943
f205f0b2,944
f25ec84e,945
f278a30a,946
f2acc151,947
f2bcb466,948
f2bd9516,949
f2d74c71,950
f331f27a,951
f3464c5e,952
f350f8d6,953
f3758ba0,954
f4182236,955
f41ab62b,956
f48d0e50,957
f4991a04,958
f4a80ec4,959
f4c653a2,960
f4d25358,961
f530bda2,962
f5a80168,963
f60ab8ac,964
f63f980b,965
f77ea26f,966
f799d3c9,967
f86dec57,968
f8bc05c3,969
f8db2af4,970
f8f82018,971
f90ccb85,972
f91b0812,973
f9631383,974
f9885348,975
f9df8a24,976
fa71ef94,977
fa94a280,978
fac52822,979
fae12b99,980
fafe46d4,981
fb582019,982
fba5edb5,983
fbb4650b,984
fc21c4eb,985
fc24d79f,986
fc5f0940,987
fc8b59ea,988
fc8b8302,989
fc9e0451,990
fce91f06,991
fcfb0ed8,992
fd2fdc47,993
fd754c58,994
fdb15215,995
ff066194,996
ff069658,997
ff52c40c,998
ff9c4317,999
